Account,Name,Pin,Balance
565746,Valera Read,573973,756
574218,Genovera Tufts,780469,463
521684,Sonni Alabaster,272423,472
258872,Deloria Wildermuth,824741,480
845243,Charmaine Montgomery,292489,489
245454,Eve Lilas,488035,485
636290,Almeta Celestine,406788,178
151731,Magdalena Pernick,477339,498
445808,Bernardine Thornburg,859401,757
867678,Rebeca Ricki,969683,467
357040,Kore Harl,366534,432
118817,Regina Lareena,390570,672
623054,Ernesta Edee,847019,377
623074,Cassondra Dahlia,456643,857
512307,Theodora Jary,916933,561
201349,Hildegaard Riva,287783,614
761768,Josephine Jenness,703647,253
120741,Moyna Garbe,248501,188
883775,Ardenia Ummersen,999742,131
814286,Mamie Wareing,156404,969
891890,Florie Zrike,145217,394
120745,Ana Kevon,574196,824
513571,Minda Halla,727116,612
201077,Penelopa Juan,773197,774
694377,Suzette Warthman,418924,180